model,annual_return,annual_vol,sharpe,max_drawdown,calmar,hit_rate
BuyHold,1.4804586033624054,0.9244969388715916,1.4368131187938966,-0.9307432432432433,1.5906197698557967,0.5285739405662037
Trend,0.8242775268402356,0.8940700397097001,1.1150399972085212,-0.9347114364179719,0.8818524035600288,0.5095832600668191
OU,-0.5404650723961071,0.7311236952677576,-0.6763359998825251,-0.9999957909969969,-0.5404673472247946,0.2702655178477229
ZScore,-0.7656951162033394,0.8195096131806854,-1.3277674459480089,-0.9999999998671206,-0.7656951163050845,0.35150342887286795
