removed_model,full_weight,sharpe_delta_if_removed,annual_return_delta_if_removed
Trend,0.9784816037997011,1.7896561407705156,1.3494745250044793
ZScore,0.0015132781896040099,-0.0017202510578764318,-0.01523935015068889
OU,0.02000511801069513,-0.0017210687374145106,-0.015264923101043104
