combo,n_models,weights,annual_return,annual_vol,sharpe,max_drawdown,calmar,hit_rate
Trend,1,Trend:1.00,0.8242775268402356,0.8940700397097001,1.1150399972085212,-0.9347114364179719,0.8818524035600288,0.5095832600668191
OU,1,OU:1.00,-0.5404650723961071,0.7311236952677576,-0.6763359998825251,-0.9999957909969969,-0.5404673472247946,0.2702655178477229
ZScore,1,ZScore:1.00,-0.7656951162033394,0.8195096131806854,-1.3277674459480089,-0.9999999998671206,-0.7656951163050845,0.35150342887286795
Trend+ZScore,2,Trend:1.00; ZScore:0.00,0.8242737080844189,0.8940659067293095,1.1150387526514638,-0.9347105117133613,0.8818491904766244,0.5095832600668191
OU+Trend,2,OU:0.00; Trend:1.00,0.8242481351340647,0.8940079666184995,1.1150379349719257,-0.9346967748122744,0.8818347910739369,0.5095832600668191
OU+ZScore,2,OU:1.00; ZScore:0.00,-0.5404657400211036,0.7311234476397366,-0.6763384568564663,-0.9999957910758674,-0.540468014809974,0.3903639880429049
OU+Trend+ZScore,3,OU:0.02; Trend:0.98; ZScore:0.00,0.8090087849833758,0.8658200657513621,1.1133176839140493,-0.9277739596354871,0.8719891053002038,0.5095832600668191
