removed_model,full_weight,sharpe_delta_if_removed,annual_return_delta_if_removed
MiningCost,0.5432593136426659,0.22859136884685793,-0.2158179674561791
OU,0.26686427873774093,0.058954471116000606,-0.37168965303578694
Trend,0.1846925471998634,0.05533235471433606,0.021515942132475097
ZScore,0.005183860419729849,-0.003479715639376213,-0.025648114017662316
